[{"model": "listanimal.animalinfo", "pk": 1, "fields": {"number": "50035227", "animal_type": 1, "age": "Baby", "gender": "Female", "size": "Small", "name": "MARLENA", "status": "adoptable", "color": 2, "photos": "[]"}}, {"model": "listanimal.animalinfo", "pk": 2, "fields": {"number": "50035226", "animal_type": 2, "age": "Baby", "gender": "Female", "size": "Medium", "name": "Pluto", "status": "adoptable", "color": 1, "photos": "[\"https://dl5zpyw5k3jeb.cloudfront.net/photos/pets/50035226/1/?bust=1607844288\"]"}}, {"model": "listanimal.animalinfo", "pk": 3, "fields": {"number": "50035225", "animal_type": 2, "age": "Baby", "gender": "Female", "size": "Medium", "name": "Junipers", "status": "adoptable", "color": 1, "photos": "[\"https://dl5zpyw5k3jeb.cloudfront.net/photos/pets/50035225/1/?bust=1607844197\"]"}}, {"model": "listanimal.animalinfo", "pk": 4, "fields": {"number": "50035214", "animal_type": 2, "age": "Baby", "gender": "Female", "size": "Medium", "name": "Bushka", "status": "adoptable", "color": 1, "photos": "[\"https://dl5zpyw5k3jeb.cloudfront.net/photos/pets/50035214/1/?bust=1607844108\"]"}}, {"model": "listanimal.animalinfo", "pk": 5, "fields": {"number": "50035218", "animal_type": 1, "age": "Young", "gender": "Female", "size": "Medium", "name": "Salem", "status": "adoptable", "color": 1, "photos": "[]"}}, {"model": "listanimal.animalinfo", "pk": 6, "fields": {"number": "50035223", "animal_type": 1, "age": "Young", "gender": "Female", "size": "Medium", "name": "Lita", "status": "adoptable", "color": 3, "photos": "[]"}}, {"model": "listanimal.animalinfo", "pk": 7, "fields": {"number": "50035217", "animal_type": 1, "age": "Young", "gender": "Female", "size": "Medium", "name": "Chloe", "status": "adoptable", "color": 3, "photos": "[]"}}, {"model": "listanimal.animalinfo", "pk": 8, "fields": {"number": "50035221", "animal_type": 1, "age": "Young", "gender": "Male", "size": "Medium", "name": "Cuddles", "status": "adoptable", "color": 3, "photos": "[]"}}, {"model": "listanimal.animalinfo", "pk": 9, "fields": {"number": "50035222", "animal_type": 1, "age": "Young", "gender": "Male", "size": "Medium", "name": "Tiger", "status": "adoptable", "color": 3, "photos": "[]"}}, {"model": "listanimal.animalinfo", "pk": 10, "fields": {"number": "50035216", "animal_type": 1, "age": "Young", "gender": "Male", "size": "Medium", "name": "Stevie", "status": "adoptable", "color": 3, "photos": "[]"}}, {"model": "listanimal.animalinfo", "pk": 11, "fields": {"number": "50035219", "animal_type": 1, "age": "Young", "gender": "Male", "size": "Medium", "name": "Chase", "status": "adoptable", "color": 3, "photos": "[]"}}, {"model": "listanimal.animalinfo", "pk": 12, "fields": {"number": "50035220", "animal_type": 1, "age": "Young", "gender": "Male", "size": "Medium", "name": "Fenix", "status": "adoptable", "color": 3, "photos": "[]"}}, {"model": "listanimal.animalinfo", "pk": 13, "fields": {"number": "50035212", "animal_type": 2, "age": "Baby", "gender": "Female", "size": "Medium", "name": "Moonbeam", "status": "adoptable", "color": 1, "photos": "[\"https://dl5zpyw5k3jeb.cloudfront.net/photos/pets/50035212/2/?bust=1607843968\", \"https://dl5zpyw5k3jeb.cloudfront.net/photos/pets/50035212/1/?bust=1607843941\"]"}}, {"model": "listanimal.animalinfo", "pk": 14, "fields": {"number": "50035211", "animal_type": 2, "age": "Baby", "gender": "Female", "size": "Medium", "name": "Sunny", "status": "adoptable", "color": 1, "photos": "[\"https://dl5zpyw5k3jeb.cloudfront.net/photos/pets/50035211/1/?bust=1607843785\"]"}}, {"model": "listanimal.animalinfo", "pk": 15, "fields": {"number": "50035210", "animal_type": 1, "age": "Adult", "gender": "Male", "size": "Medium", "name": "Bruce", "status": "adoptable", "color": 3, "photos": "[\"https://dl5zpyw5k3jeb.cloudfront.net/photos/pets/50035210/1/?bust=1607843701\", \"https://dl5zpyw5k3jeb.cloudfront.net/photos/pets/50035210/2/?bust=1607843703\", \"https://dl5zpyw5k3jeb.cloudfront.net/photos/pets/50035210/4/?bust=1607843706\"]"}}, {"model": "listanimal.animalinfo", "pk": 16, "fields": {"number": "50034890", "animal_type": 2, "age": "Adult", "gender": "Male", "size": "Medium", "name": "Fisher", "status": "adoptable", "color": 4, "photos": "[\"https://dl5zpyw5k3jeb.cloudfront.net/photos/pets/50034890/3/?bust=1607842177\", \"https://dl5zpyw5k3jeb.cloudfront.net/photos/pets/50034890/1/?bust=1607836142\", \"https://dl5zpyw5k3jeb.cloudfront.net/photos/pets/50034890/2/?bust=1607836671\", \"https://dl5zpyw5k3jeb.cloudfront.net/photos/pets/50034890/4/?bust=1607842215\"]"}}, {"model": "listanimal.animalinfo", "pk": 17, "fields": {"number": "50035206", "animal_type": 1, "age": "Young", "gender": "Female", "size": "Medium", "name": "Ivy", "status": "adoptable", "color": 5, "photos": "[\"https://dl5zpyw5k3jeb.cloudfront.net/photos/pets/50035206/1/?bust=1607843933\"]"}}, {"model": "listanimal.animalinfo", "pk": 18, "fields": {"number": "50035205", "animal_type": 1, "age": "Young", "gender": "Male", "size": "Medium", "name": "Zoomer", "status": "adoptable", "color": 4, "photos": "[\"https://dl5zpyw5k3jeb.cloudfront.net/photos/pets/50035205/1/?bust=1607843905\"]"}}, {"model": "listanimal.animalinfo", "pk": 19, "fields": {"number": "50035207", "animal_type": 1, "age": "Young", "gender": "Female", "size": "Medium", "name": "Patsy", "status": "adoptable", "color": 5, "photos": "[\"https://dl5zpyw5k3jeb.cloudfront.net/photos/pets/50035207/1/?bust=1607843829\"]"}}, {"model": "listanimal.animalinfo", "pk": 20, "fields": {"number": "50035204", "animal_type": 1, "age": "Young", "gender": "Male", "size": "Medium", "name": "Julius", "status": "adoptable", "color": 5, "photos": "[\"https://dl5zpyw5k3jeb.cloudfront.net/photos/pets/50035204/1/?bust=1607843868\"]"}}, {"model": "listanimal.animalinfo", "pk": 21, "fields": {"number": "50035202", "animal_type": 1, "age": "Young", "gender": "Male", "size": "Medium", "name": "Rusty INDOOR ONLY", "status": "adoptable", "color": 6, "photos": "[\"https://dl5zpyw5k3jeb.cloudfront.net/photos/pets/50035202/5/?bust=1607844405\", \"https://dl5zpyw5k3jeb.cloudfront.net/photos/pets/50035202/1/?bust=1607844360\", \"https://dl5zpyw5k3jeb.cloudfront.net/photos/pets/50035202/2/?bust=1607844363\", \"https://dl5zpyw5k3jeb.cloudfront.net/photos/pets/50035202/3/?bust=1607844364\", \"https://dl5zpyw5k3jeb.cloudfront.net/photos/pets/50035202/4/?bust=1607844367\"]"}}, {"model": "listanimal.animalcolor", "pk": 1, "fields": {"primary": "Golden"}}, {"model": "listanimal.animalcolor", "pk": 2, "fields": {"primary": "Brown / Chocolate"}}, {"model": "listanimal.animalcolor", "pk": 3, "fields": {"primary": "Black"}}, {"model": "listanimal.animalcolor", "pk": 4, "fields": {"primary": "Bicolor"}}, {"model": "listanimal.animalcolor", "pk": 5, "fields": {"primary": "Orange / Red"}}, {"model": "listanimal.animalcolor", "pk": 6, "fields": {"primary": "Orange & White"}}, {"model": "listanimal.animaltype", "pk": 1, "fields": {"animal_type": "Cat"}}, {"model": "listanimal.animaltype", "pk": 2, "fields": {"animal_type": "Dog"}}, {"model": "listanimal.comment", "pk": 1, "fields": {"animal": 20, "comment": "стремное"}}, {"model": "listanimal.animalnews", "pk": 1, "fields": {"url_news": "https://russian.rt.com/russia/news/812120-rosselhoznadzor-vakcina-koronavirus-zhivotnye", "description_news": "В Россельхознадзоре рассказали о вакцине от COVID-19 для животных", "heading": "Глава Россельхознадзора Сергей Данкверт сообщил, что работу над вакциной от коронавирусной инфекции COVID-19 для животных планируют завершить в конце января 2021 года.", "main_text": "«Вакцина против COVID-19 для животных будет готова в конце января 2021 года», — приводит его слова издание «Ветеринария и жизнь».Данкверт заявил, что затем потребуется время на регистрацию вакцины.«К производству в больших количествах этого иммунобиологического препарата для животных ведомство уже готово», — сказал он.Данкверт отметил заинтересованность в вакцине от COVID-19 для животных со стороны коммерческих структур в США, Евросоюзе и Сингапуре.В ноябре директор НИИ гриппа имени А.А. Смородинцева Минздрава России Дмитрий Лиознов заявил, что кошки и собаки могут инфицироваться коронавирусной инфекцией, больным людям лучше ограничить контакты с животными.", "url_media": "https://cdni.rt.com/russian/images/2020.12/article/5fd36aae02e8bd7ea65b2b93.png", "time_post": "2020-12-11 17:05", "gallery_img": "[]"}}, {"model": "listanimal.animalnews", "pk": 2, "fields": {"url_news": "https://russian.rt.com/russia/news/812035-policiya-region-zaderzhanie", "description_news": "В Ростовской области задержали подозреваемого в краже верблюжонка из заказника", "heading": "Сотрудники уголовного розыска межмуниципального отдела МВД России «Красносулинский» Ростовской области вместе с коллегами из Пролетарского района задержали подозреваемого в краже верблюжонка из заказника.", "main_text": "Как заявила официальный представитель МВД Ирина Волк, в апреле 2020 года в территориальный отдел полиции поступило заявление от представителя государственного природного заказника «Горненский». Он сообщил о похищении верблюжонка, появившегося шестью днями ранее.Полиция завела уголовное дело.«В результате проверки оперативно-значимой информации предполагаемый похититель был установлен и задержан. Им оказался 30-летний житель Усть-Донецкого района. В отношении подозреваемого избрана мера пресечения в виде подписки о невыезде и надлежащем поведении», — сказала Волк.Фигурант заявил, что продал животное местному предпринимателю, который не знал о похищении. В настоящее время верблюжонок возвращён в заказник.В январе в прокуратуре Калужской области сообщили о похищении десяти макак из центра реабилитации диких животных.", "url_media": "https://cdni.rt.com/russian/images/2020.12/article/5fd32cceae5ac97a9c5202c5.png", "time_post": "2020-12-11 11:38", "gallery_img": "[]"}}, {"model": "listanimal.animalnews", "pk": 3, "fields": {"url_news": "https://russian.rt.com/nopolitics/news/811876-sobaka-zima-ekspert", "description_news": "Кинологи рассказали, как защитить собак от зимних реагентов", "heading": "Российская кинологическая федерация рассказала, как защитить собак от зимних реагентов.", "main_text": "Об этом сообщает газета «Известия».В частности, перед прогулкой нужно обработать лапы животного специальным средством. Например, защитный воск создаёт плотную водонепроницаемую плёнку, а защита в форме пасты, бальзама или крема быстрее проникает в кожу и питает её.Гель на основе вазелина можно применить для профилактики появления трещин и для заживления уже имеющихся ран.«Вне зависимости от того, на каком средстве вы остановитесь, их нужно наносить перед прогулкой на чистые лапы ровным слоем по поверхности подушечек. Не забудьте уделить внимание пространству между пальцев. Возвратившись домой, тщательно удалите остатки средства с лап», — уточнили кинологи.Ещё один вариант — обувь для собак.После прогулки следует помыть животному лапы и живот с использованием специальных шампуней для удаления реагентов и уличной грязи.Ранее президент Союза кинологических организаций, ветеринар Владимир Уражевский в беседе с сайтом «Москва 24» призвал к ответственности при заведении собаки.", "url_media": "https://cdni.rt.com/russian/images/2020.12/article/5fd24bb4ae5ac92650285b87.jpg", "time_post": "2020-12-10 21:52", "gallery_img": "[]"}}, {"model": "listanimal.animalnews", "pk": 4, "fields": {"url_news": "https://russian.rt.com/russia/news/811735-film-zhivotnye-rossiya", "description_news": "Вышел документальный фильм о приюте для бездомных собак под Иркутском", "heading": "В Международный день прав животных вышел документальный фильм Life.ru «Собачья жизнь по-иркутски».", "main_text": "В начале ноября в одном из собачьих приютов под Иркутском волонтёры зафиксировали массовую гибель животных. Началась прокурорская проверка.Создатели фильма расскажут, что происходит в Иркутской области, как с этими событиями связаны региональные тендеры на отлов бродячих животных и почему продолжают страдать те, ради кого эти приюты были созданы.", "url_media": "https://cdni.rt.com/russian/images/2020.12/article/5fd1fbcf02e8bd467251a78b.png", "time_post": "2020-12-10 14:31", "gallery_img": "[]"}}, {"model": "listanimal.animalnews", "pk": 5, "fields": {"url_news": "https://russian.rt.com/science/article/811319-drevnyaya-indiya-myaso", "description_news": "«Говорящие» горшки: учёные определили диету жителей Древней Индии", "heading": "Археологи установили, что продукты животного происхождения составляли основу питания жителей Индской цивилизации. Об этом свидетельствуют следы животных жиров, найденные на керамике в штатах Харьяна и Уттар-Прадеш на северо-западе страны. Как выяснили учёные, около 4—4,5 тыс. лет назад обитатели долины Инда употребляли в пищу, в частности, мясо свиней, буйволов, овец и коз, а также молочные продукты.", "main_text": "Археологи из Национального центра научных исследований Франции и Кембриджского университета исследовали образцы древнеиндийской керамики и установили, что представители Хараппской цивилизации (известной также как цивилизация долины реки Инд) употребляли в пищу мясо различных животных и молочные продукты около 4—4,5 тыс. лет назад. Об этом сообщает издание Journal of Archaeological Science.Исследователи провели анализ липидных (жировых) следов на керамике из сельских и городских поселений древних жителей региона, обнаруженной в северо-западных индийских штатах Харьяна и Уттар-Прадеш. Учёные определяли типы жиров и масел, которые впитались в поры древних керамических сосудов во время их использования.«Это первое исследование впитавшихся в керамику жировых остатков из индских поселений, включающих город Ракхигархи, а также деревни Фармана, Масудпур I и Масудпур VII, что позволяет проводить сравнения между различными поселениями и временными периодами», — сообщила главный автор работы, научный сотрудник Национального центра научных исследований Франции доктор Акшиета Сурьянараян.По её словам, идентификация конкретных соединений в липидных экстрактах дают возможность узнать, какие растительные или животные продукты ранее находились в горшках. Кроме того, изотопный анализ жирных кислот позволил исследователям определить виды мяса и молока животных. Результаты позволили понять, как использовались эти сосуды и что в них готовилось.«Наше исследование липидных остатков в индской керамике показывает преобладание в сосудах продуктов животного происхождения, таких как мясо нежвачных животных, например свиней, и жвачных животных — коров или буйволов, овец или коз, а также молочных продуктов», — уточнила доктор Сурьянараян.Она отметила, что трактовать полученные данные было непросто, а некоторые выводы были и вовсе неожиданными. Например, было зафиксировано преобладание на керамике жиров нежвачных животных, хотя обнаружение останков свиней в индских поселениях — явление довольно редкое.«В эпоху поздней Хараппской цивилизации (ок. 2600/2500—1900 гг. до н. э.) продукты, которые помещали в сосуды в сельских и городских индских поселениях на северо-западе Индии, были довольно схожими. Это говорит о том, что, несмотря на различия между городскими и сельскими поселениями, а также на использование их обитателями различных предметов материальной культуры и керамики, у людей, возможно, была общая кулинарная практика», — заявил старший автор исследования, учёный из Кембриджского университета доктор Кэмерон Петри.", "url_media": "https://cdni.rt.com/russian/images/2020.12/article/5fd0a397ae5ac91da37ad0ca.jpg", "time_post": "2020-12-10 11:18", "gallery_img": "[]"}}, {"model": "listanimal.animalnews", "pk": 6, "fields": {"url_news": "https://russian.rt.com/science/news/811021-vakcina-covid-19-iogurt-zhivotnye", "description_news": "Вакцина от COVID-19 в виде йогурта показала образование антител у животных", "heading": "В ходе проведения испытаний на животных вакцины от коронавируса в виде кисломолочного продукта было установлено образование антител. Об этом, как передаёт РИА Новости, заявил руководитель отдела молекулярной микробиологии Института экспериментальной медицины Александр Суворов.", "main_text": "«Иммунный ответ на слизистых лабораторных животных очень хороший, специфические антитела образуются на слизистых и в крови», — сказал специалист на пресс-конференции.Как ранее заявляли в РАН, российские учёные работают над вакциной от коронавирусной инфекции, которую можно будет принимать в виде кисломолочного продукта. 23 ноября в ВОЗ рассказали, что несколько вакцин разрабатываются в виде назального спрея.", "url_media": "https://cdni.rt.com/russian/images/2020.12/article/5fcf7cc1ae5ac97d9b4d77dd.png", "time_post": "2020-12-8 16:14", "gallery_img": "[]"}}, {"model": "listanimal.animalnews", "pk": 7, "fields": {"url_news": "https://russian.rt.com/russia/news/810363-dagestan-gibel-tyuleni", "description_news": "В Дагестане выясняют причину гибели каспийских тюленей", "heading": "В Дагестане специалисты Каспийского научно-исследовательского института рыбного хозяйства (КаспНИРХ) и Росрыболовства устанавливают причины гибели каспийских тюленей, обнаруженных на побережье Каспийского моря.", "main_text": "Об этом информирует ТАСС со ссылкой на представителя КаспНИРХ.«Мы совместно с работниками Северо-Кавказского территориального управления Росрыболовства выехали на место и взяли образцы тканей печени погибших тюленей. Было ли это отравление, или тюлени умерли от болезни — сейчас тяжело судить», — заявил он.По его словам, будут проведены анализы, по итогам которых можно будет определить вероятную причину гибели животных. Как заявила помощник прокурора Дагестана Татьяна Голубова, прокуратура республики также организует проверку информации о гибели тюленей на побережье Каспийского моря.В октябре СК начал проверку по факту массовой гибели рыб в Калмыкии.", "url_media": "https://cdni.rt.com/russian/images/2020.12/article/5fcd049702e8bd1fdf354609.png", "time_post": "2020-12-6 19:38", "gallery_img": "[]"}}, {"model": "listanimal.animalnews", "pk": 8, "fields": {"url_news": "https://russian.rt.com/nopolitics/video/809740-olen-ded-moroz-surgut-novyi-god", "description_news": "Выбор Валерчика: в Сургуте олень помог Деду Морозу подобрать подарки для детей", "heading": "В сети появилось видео, снятое в одном из магазинов Сургута. На кадрах олень по кличке Валерчик изучает полки с новогодними подарками и другими товарами. Так он помогает Деду Морозу выбирать подарки для детей. По словам сотрудников магазина, Валерчик вёл себя культурно и ничего не сломал.", "main_text": null, "url_media": "https://cdnv.rt.com/russian/video/2020.12/5fca2299ae5ac9501c0a2cef.mp4", "time_post": "2020-12-4 18:53", "gallery_img": "[]"}}, {"model": "listanimal.animalnews", "pk": 9, "fields": {"url_news": "https://russian.rt.com/russia/video/809445-priyut-dlya-zhivotnyh-dolgi-spasenie", "description_news": "«Чудо случилось»: пользователи соцсетей помогли приюту для животных расплатиться с долгами", "heading": "Подопечные частного приюта для животных в Татарстане оказались на грани голода из-за накопившегося долга в размере миллиона рублей. Основатель приюта Марина Симакова обратилась к пользователям соцсетей, разместив пост с просьбой о помощи. Через сутки необходимая сумма была собрана. Приюту удалось рассчитаться с долгами за корм для животных, заплатить рабочим за строительство новых вольеров, а также внести плату в ветклинику, передержку и закупить новые будки для собак.", "main_text": null, "url_media": "https://cdnv.rt.com/russian/video/2020.12/5fca3d7a02e8bd38d3213228.mp4", "time_post": "2020-12-3 17:40", "gallery_img": "[]"}}, {"model": "listanimal.animalnews", "pk": 10, "fields": {"url_news": "https://russian.rt.com/russia/article/808880-rebyonok-opeka-dom-podzhog", "description_news": "«Необоснованные проверки»: в Нижнем Новгороде опека хочет забрать ребёнка из семьи, которая столкнулась с травлей", "heading": "В Нижнем Новгороде органы опеки через суд добиваются изъятия из семьи пятилетней Нади Родионовой. Девочка живёт с мамой и бабушкой, которые, по мнению сотрудников соцслужбы, не могут создать надлежащих условий для воспитания ребёнка. Однако близкие семьи утверждают, что девочка окружена заботой, а поводом для нападок на семью послужила общественная деятельность. Бабушка является профсоюзным активистом, а мама — зоозащитницей. Ранее семья уже подвергалась травле, а дом, в котором располагался их приют для бездомных собак, был сожжён.", "main_text": "В Нижнем Новгороде опека добивается изъятия из семьи пятилетней Нади Родионовой. Девочка живёт вместе с мамой Инной и бабушкой Натальей. Бабушка работает в музыкальной школе, женщины ведут хозяйство совместно и в деньгах не нуждаются.Как следует из искового заявления (есть в распоряжении RT), с 2016 года на Инну Родионову поступают жалобы о том, что она якобы не занимается дочкой. В квартире, где живёт ребёнок, согласно иску, содержится значительное количество животных, а сама Инна страдает шизотипическим расстройством и говорит, что нигде не работает и не планирует начинать. В иске отмечается, что мама с бабушкой не выполнили рекомендации опеки и не отдали девочку в детский сад.Адвокат семьи Альбина Волкова считает, что оснований, указанных в иске, недостаточно для изъятия ребёнка у матери. «Инна опасности для окружающих не представляет, это подтверждено заключением врача. Её расстройство проявляется в патологической жалости ко всему живому, поэтому она подбирает бездомных собак. Но почти все животные живут в другом месте, поэтому нельзя сказать, что из-за этого ребёнок находится в каких-то плохих условиях. В деньгах семья не нуждается, девочка всем обеспечена», — поясняет RT Волкова.Адвокат отмечает, что комиссия опеки с 2016 года неоднократно посещала квартиру Родионовых, но в результате всех проверок условия признали удовлетворительными.Последнее обследование материально-бытовых условий, которое сотрудники опеки провели 16 апреля 2020 года, также не выявило значимых нарушений. Все проверки, по мнению адвоката, были необоснованными.«Надя действительно не посещает садик, но при этом бабушка её водит в кружки. Видно, что о девочке заботятся», — говорит Волкова.Как пояснила RT бабушка Наталья Родионова, отдавать внучку в садик она боится из-за оказываемого на семью давления. «Мне страшно надолго оставлять её одну с чужими людьми», — вздыхает она.По мнению Натальи Родионовой, иск о лишении родительских прав мог быть попыткой свести с ней счёты либо из-за её активной общественной позиции, либо из-за зоозащитной деятельности дочери. Наталья Родионова возглавляет профсоюзную организацию в музыкальной школе №2 и является зампредом объединённого профсоюза музыкальных школ города. Её не раз награждали за профсоюзную деятельность.«Наталья Борисовна всегда вступалась за людей, простых работников. При этом она очень хорошо разбирается в Трудовом кодексе. Профсоюз у нас сильный. Некоторым чиновникам это не нравится», — рассказывает RT коллега Родионовой Елена Галицких.В музыкальной школе вспоминают, что у Натальи Родионовой не раз возникали конфликты и с бывшим директором школы, и с вышестоящим начальством из городского Департамента культуры.Сотрудники школы даже отправили письмо губернатору в поддержку семьи.«Девочка очень хорошая. Наталья Борисовна в неё много вкладывает. Я её видела, очень хороший ребёнок, видно, что о ней очень хорошо заботятся. Мы все в школе были потрясены, особенно когда ей сожгли дом, написали даже письмо губернатору», — рассказывает Елена Галицких.По словам адвоката Альбины Волковой, организованная травля семьи Родионовых началась в 2016 году.«Мама Нади, Инна, работала на Канавинском рынке, а рядом был дом, где пожилой человек держал животных. Инна ему помогала, а потом хозяин умер, животные остались на улице и стали за ней ходить, она же их раньше кормила. Не бросать же. Пришлось поселить в старом домике, который ей от дедушки остался», — рассказывает RT Альбина Волкова.По словам Волковой, вскоре в интернете Родионовых стали обвинять в издевательстве над животными, писать, что они содержат «живодёрню в Каменном овраге».«Там всё очень умело подобрали, — вспоминает Альбина Волкова. — Когда я впервые увидела публикации, у самой встали волосы дыбом. Думаю, что за живодёрка, но, когда стала разбираться в истории, поняла, что её несправедливо травят».На виртуальной войне зоозащитники, по словам Натальи Родионовой, не остановились.Они стали писать анонимки во все властные органы, в том числе и опеку, оклеили улицы рядом с работой Натальи Родионовой листовками, подстерегали её на улице, пытались ворваться в музыкальную школу, после чего там пришлось ввести охрану.«Шла кампания, чтобы меня затравить. И коллектив, и я лично обращались в органы правопорядка. Целый год тянулось разбирательство и ни к чему не пришло», — жалуется Наталья Родионова.Как следует из документов прокуратуры, от Родионовых были жалобы на преследование — указание персональных данных, распространение листовок, порочащих честь и достоинство. Дело было на контроле прокурора Ленинского района Нижнего Новгорода. Но виновники не были найдены и наказаны.Нападки на семью и публикации в интернете продолжались почти два года.В декабре 2018 года неизвестные избили сторожа собачьего приюта в Каменном овраге, а сам приют подожгли. Несколько животных погибли в огне. В их смерти пытались обвинить саму Инну.Впоследствии решением Ленинского суда это обвинение было снято, а председателю комитета об административных правонарушениях, составившему первый протокол, как следует из решения прокуратуры, вынесли представление.Альбине Волковой, которая тогда взялась представлять интересы семьи, прокололи шины на автомобиле.«Это ОПГ какое-то, у меня больше десяти лет практики, но с таким давлением сталкиваюсь впервые», — говорит адвокат.После пожара Инна пыталась раздать животных, но желающих приютить оказалось мало. Часть собак приходится держать в городской квартире. Но, по словам Родионовой, большинство животных находятся по другому адресу. В квартире с внучкой только две собаки, и говорить о десятках животных и антисанитарии нельзя. По мнению семьи, за травлей может стоять ООО «Зоозащита НН» и аффилированный с ним фонд защиты животных «Сострадание НН», активисты которого, по словам Родионовой, не таясь, клеили листовки и проводили пикеты у школы.Адвокат отмечает, что параллельно активисты фонда вели борьбу и с другими приютами, добиваясь их закрытия как мест истязания животных. Волкова не исключает, что таким образом они, возможно, пытались избавляться от конкурентов в сфере контроля за бездомными животными.По данным «СПАРК-Интерфакс», ООО «Зоозащита НН» было зарегистрировано в 2013 году. Организация занимается отловом и стерилизацией бездомных животных. В этом году, по данным «СПАРК-Интерфакс», компания получила четыре госконтракта на 10,8 млн рублей, а за прошлый год выручка составила порядка 32 млн рублей.Руководит и владеет ООО «Зоозащита НН» предприниматель Владимир Гройсман, он же возглавляет фонд защиты животных «Сострадание НН». Свою личную заинтересованность в кампании против Родионовых он отрицает, утверждая, что ничего не знает о делах этой семьи.«Это по своей инициативе делали наши волонтёры. Я только потом узнал из интернета о том, что это было. Не имею никакого представления, и о Родионовых ничего не знаю», — сообщил он.Он признал, что после пожара Инна пыталась пристроить собак и в его фонд, но там ей отказали. Гройсман объяснил это тем, что она хотела передать им только щенков, оставив у себя взрослых собак.Руководитель фонда «Иван-Чай» Эллина Жгутова считает, что никаких оснований, чтобы требовать изъятия ребёнка, у опеки нет. «Это, к сожалению, достаточно типичная картина. Опека собрала разрозненные факты (достоверность которых ещё надо проверить). У непосвящённого человека может создаться впечатление, что девочку надо спасать. Но если распутать этот клубок домыслов, то видно, что оснований нет. Ни то, что в квартире проживают животные, ни то, что девочку ни хотят отдавать в садик, ни диагноз мамы не могут быть основанием, чтобы разрушать любящую семью», — уверена правозащитница. Она также заметила, что из-за пробелов в законодательстве у опеки крайне широкие возможности, чтобы изымать детей, чем порой пользуются, чтобы давить на родителей.«Нередко можно видеть ультиматумы — делайте, как скажем, а то детей заберём», — говорит Жгутова.Она вспомнила, что уже сталкивалась со схожим случаем в своей практике, когда ребёнка хотели забрать, а единственной причиной было то, что дома находятся десять кошек. Теперь, по её мнению, адвокату Родионовой предстоит кропотливая работа: надо будет последовательно разбить все доводы опеки.В управлении образования администрации Ленинского района Нижнего Новгорода, в который входит отдел опеки, ситуацию с семьёй Родионовых RT не прокомментировали.", "url_media": "https://cdni.rt.com/russian/images/2020.12/article/5fc7331f02e8bd795d3d14c5.jpg", "time_post": "2020-12-2 19:16", "gallery_img": null}}, {"model": "listanimal.animalnews", "pk": 11, "fields": {"url_news": "https://russian.rt.com/russia/news/808915-mts-moskovskii-zoopark-deti-ekologiya", "description_news": "МТС и Московский зоопарк запустили онлайн-программу по экологии для школьников", "heading": "Компания МТС и Московский зоопарк запустили творческо-образовательную программу по экологии для школьников в рамках федерального благотворительного проекта «Поколение М».", "main_text": "Об этом пишет ИА PrimaMedia.Дети из Приморья также смогут пройти просветительский экокурс онлайн и побороться за возможность приехать в Москву на специальный научно-практический мастер-класс по сохранению исчезающих видов животных, который проведут известные учёные и исследователи.В начале участники конкурса в возрасте от шести до 14 лет пройдут онлайн-курс на сайте проекта «Поколение М» по изучению редких животных. В каждой теме представлены мастер-классы, задания по моделированию, творческие конкурсы. Пройти курс обучения и загрузить свои работы на сайт нужно до 31 мая 2021 года.Победители конкурса отправятся на экскурсию в Московский зоопарк, они познакомятся с историей зоопарка, встретятся с учёными и кураторами европейских программ по сохранению животных, станут частью исследовательской группы по наблюдению за животными и проведению тренингов.Как сообщал сайт «Янтарный край», в Калининградской области рассказали о развитии образовательных программ для детей.", "url_media": "https://cdni.rt.com/russian/images/2020.12/article/5fc74c73ae5ac901f819abc4.png", "time_post": "2020-12-2 15:50", "gallery_img": "[]"}}, {"model": "listanimal.animalnews", "pk": 16, "fields": {"url_news": "https://russian.rt.com/science/article/808585-nasekomye-krylya", "description_news": "Родственные связи: учёные разгадали загадку происхождения крыльев у насекомых", "heading": "Американские биологи определили, как появились крылья у насекомых. Оказалось, что у далёких ракообразных предков насекомых в результате эволюции сегменты ног, наиболее близкие к телу, стали частью его внешней оболочки. В дальнейшем эти сегменты переместились на спину и образовали крылья. К такому выводу учёные пришли в результате геномных исследований.", "main_text": "Учёные Морской биологической лаборатории (MBL) при Чикагском университете (США) разгадали загадку происхождения крыльев у насекомых. Об этом сообщается в журнале Nature Ecology & Evolution.Определить, как появились крылья у насекомых, удалось в результате генетического исследования. По мнению главного автора работы — научного сотрудника MBL Хезер Брюс, одна из причин, по которой раньше не получалось разгадать эту загадку, было слишком позднее (около 2010 года) признание генетического родства насекомых и ракообразных.«Ранее, исходя из морфологии, все относили насекомых к надклассу многоножек, куда входят также двупарноногие и губоногие. Однако изучение многоножек не даёт ответа на вопрос о том, как у насекомых сформировались крылья. Поэтому крылья насекомых было принято считать новыми структурами, которые появились у насекомых и не имеют аналогов у их предков. А всё потому, что исследователи искали предков насекомых не там», — отметила Хезер Брюс.Хезер Брюс и её коллеги утверждают, что около 300 млн лет назад дальние ракообразные предки насекомых вышли из моря на сушу, где под воздействием новых условий жизни начали эволюционировать. В результате сегменты ног, наиболее близкие к телу, стали частью внешней оболочки самого тела, вероятно, чтобы существам было проще балансировать. Далее эти сегменты переместились на спину, где позже сформировали крылья.Для доказательства своей теории учёные MBL сравнили сегменты ног небольшого рачка Parhyale с сегментами ног мухи дрозофилы и жука хрущака. В исследовании был использован метод CRISPR-Cas9 — «генетические ножницы».У всех исследованных видов они выявили и «отключили» общие гены, отвечающие за формирование сегментов ног. Однако у рачка Parhyale остался дополнительный, наиболее близкий к телу седьмой сегмент ноги, и учёные стали искать его следы у насекомых.В литературных источниках Хезер Брюс нашла выдвинутую ещё в 1893 году гипотезу, что насекомые включили в состав тела свою проксимальную (ближайшую к телу) часть ноги. А затем обнаружила теорию 1980-х годов, по которой эти сегменты ног у насекомых впоследствии переместились на спину и образовали крылья.«Меня поразило, что эти старые теории нашли подтверждение в моих геномных и эмбриональных исследованиях», — подытожила Брюс. По её мнению, давнюю загадку было бы невозможно решить без современных генетических инструментов.", "url_media": "https://cdni.rt.com/russian/images/2020.12/article/5fc64fea02e8bd031120f17a.jpg", "time_post": "2020-12-1 22:00", "gallery_img": "[]"}}, {"model": "listanimal.animalnews", "pk": 17, "fields": {"url_news": "https://russian.rt.com/russia/news/808598-adygeya-ohrana-lesov", "description_news": "В горах Адыгеи создадут два поста для охраны лесов от браконьеров", "heading": "В декабре 2020 года в горной части Адыгеи власти республики планируют создать два новых поста для охраны лесного фонда и животных.", "main_text": "Об этом пишет портал «Юга.ру».Посты появятся на приграничной с Кавказским биосферным заповедником территории для усиления охраны уникальной природной зоны региона. Один пост появится в районе реки Киши, другой — за селом Новопрохладным. Свою работу они начнут до Нового года, чтобы предотвратить незаконную рубку ёлок.Это совместный проект властей республики, заповедника и охотничьих хозяйств. Глава Адыгеи Мурат Кумпилов и директор заповедника Сергей Шевелев рассказали, что совместные охранные мероприятия по защите леса будут долгосрочными.Посты создадут для защиты лесных насаждений, животного мира, а также против браконьерства и нарушений лесного законодательства. Они дополнят деятельность заповедника, инспекторы которого круглогодично работают на трёх кордонах: Киша, Лагерный и Гузерипль, уточнили в пресс-службе Кавказского заповедника.Как ранее сообщал телеканал «360», ГКУ МО «Мособллес» Комитета лесного хозяйства Московской области и Ассоциация общественного контроля в сфере обращения с отходами по Подмосковью заключили соглашение о порядке взаимодействия и обмене информацией о нарушениях лесного законодательства.", "url_media": "https://cdni.rt.com/russian/images/2020.12/article/5fc60f77ae5ac940df000a92.png", "time_post": "2020-12-1 15:14", "gallery_img": "[]"}}, {"model": "listanimal.animalnews", "pk": 20, "fields": {"url_news": "https://russian.rt.com/russia/news/808551-primore-investicii-zhivotnovodstvo", "description_news": "В Приморье рассказали о ситуации в секторе животноводства", "heading": "Председатель комитета по продовольственной политике и природопользованию заксобрания Приморского края Евгений Зотов рассказал, что ряд крупнейших инвестиционных проектов в животноводческом секторе, которые в настоящее время реализуются в регионе, нуждаются в госпомощи.", "main_text": "Об этом сообщает ИА PrimaMedia.«Минсельхозом Приморья изыскиваются новые источники финансирования. Так, идёт речь о перераспределении в пользу животноводов средств, выделенных на удешевление сельхозтехники, — эти средства менее востребованы. Также до 60% увеличится субсидия на завоз племенного скота», — уточнил Зотов.Также сообщается, что в регионе строится животноводческий комплекс на 15 700 голов, завод по переработке молока, несколько свинокомплексов.Ранее портал RIA56 передавал, что в Оренбургской области за период с января по сентябрь 2020 года экспорт продукции АПК вырос на 21,4% по сравнению с аналогичным периодом 2019 года.", "url_media": "https://cdni.rt.com/russian/images/2020.12/article/5fc5ef40ae5ac93a3044e70f.jpg", "time_post": "2020-12-1 13:19", "gallery_img": "[]"}}, {"model": "listanimal.animalnews", "pk": 21, "fields": {"url_news": "https://russian.rt.com/science/article/806065-klimat-mongolii", "description_news": "Безжизненная пустыня: почему климат Монголии становится необратимо жарким и сухим", "heading": "Международный коллектив климатологов установил, что засушливое Монгольское плато на востоке Центральной Азии превращается в бесплодную пустыню. Необратимые изменения, особенно заметные в последние два десятилетия, подтверждаются исследованием годовых колец хвойных деревьев региона. На четверть сократилось число крупных озёр, а сохранившиеся водоёмы уменьшились в размерах. На грани вымирания оказались многие виды животных, в том числе дикие овцы, антилопы и даже верблюды.", "main_text": "По мнению международной группы климатологов из Республики Корея, Китая, Швеции, США и Японии, засушливое Монгольское плато превращается в бесплодную пустыню в результате глобального потепления. Об этом сообщается в журнале Science.Результаты исследований показали, что вызванное деятельностью человека изменение климата воздействует на экологическую систему региона и приводит к необратимым разрушительным последствиям. Учёные отмечают аномальные волны тепла и засухи в районе Монгольского плато в последние два десятилетия. Это подтверждается данными изучения погоды за 260 лет, полученными по годовым кольцам хвойных деревьев региона.«Хвойные деревья сильно реагируют на аномально высокие температуры. Изучив их годичные кольца, мы можем увидеть их реакцию на недавние периоды сильной жары, а также то, что за свою долгую жизнь они, похоже, не сталкивались ни с чем подобным», — сообщил автор работы Ганс Линдерхольм из Гётеборгского университета (Швеция).По мнению коллеги Линдерхольма Чэнь Дэляна из Гётеборгского университета, число периодов сильной жары только увеличивается. Это приводит к снижению содержания воды в почве, которое, в свою очередь, приводит к новым периодам сильной жары. Возникает замкнутый круг, приводящий к аномальному климатическому сдвигу в Монголии.Коллеги шведских исследователей из Южной Кореи и Китая отметили, что в результате климатических аномалий количество крупных озёр сократилось на 26%, а сохранившиеся водоёмы заметно уменьшились в размерах.«В настоящий момент мы являемся свидетелями того, что исчезают не только крупные водоёмы. Исчезают и водные ресурсы в почве», — подтверждает автор исследования из Государственного университета Чоннам (Южная Корея) Чон Чжихун.Климатическая ситуация подходит к точке невозврата, отмечают учёные. Разрушительные последствия для экосистемы региона уже ставят на грань вымирания крупных монгольских травоядных животных: диких овец, антилоп и даже верблюдов.По словам учёных, крупномасштабные волны тепла взаимодействуют с пересушенной почвой и создают кумулятивный эффект. И запущенный необратимый погодный цикл превращает всю Монголию в безжизненную пустыню вроде тех, что сейчас покрывают значительную часть Юго-Запада США.", "url_media": "https://cdni.rt.com/russian/images/2020.11/article/5fbe67abae5ac910bb65c4b4.jpg", "time_post": "2020-11-27 03:13", "gallery_img": "[]"}}]